id_categorie,categorie,champ,description,type_champ,poids_estimation,niveau_impact,impact_valeur_detail,dispo_DVF,dispo_PORTAIL,dispo_IDEERI,source_collecte
1,Identification et Statut Juridique,Adresse complète,"Numéro, rue, code postal, ville, bâtiment, étage, numéro de porte",TEXT,4,Critique,,OUI,OUI,OUI,Acte de propriété
1,Identification et Statut Juridique,Référence cadastrale,Département / Commune / Préfixe / Section / Numéro de parcelle,TEXT,2,Contextuel,,OUI,NON,OUI,Cadastre.gouv.fr
1,Identification et Statut Juridique,Type de bien,Appartement / Maison individuelle / Villa / Studio / Duplex / Loft / Terrain / Local commercial,SEL,4,Critique,Base de valorisation,OUI,OUI,OUI,Titre de propriété
1,Identification et Statut Juridique,Régime de propriété,Pleine propriété / Copropriété / Indivision / SCI / Bail emphytéotique,SEL,3,Important,,NON,NON,OUI,Titre de propriété
1,Identification et Statut Juridique,Numéro de lot (copropriété),Numéro(s) de lot(s) dans le règlement de copropriété,TEXT,1,Informatif,,NON,NON,OUI,Règlement de copropriété
1,Identification et Statut Juridique,Quote-part copropriété (millièmes),Tantièmes / millièmes attribués au lot,NUM,2,Contextuel,,NON,NON,OUI,État daté
1,Identification et Statut Juridique,Servitudes,"Passage, vue, écoulement, mitoyenneté — nature et emprise précise",TEXT,3,Important,Contrainte ou avantage selon nature,NON,NON,OUI,Acte de propriété
1,Identification et Statut Juridique,Hypothèques et sûretés,"Prêts en cours, hypothèques légales, privilèges de prêteurs de deniers",CHECK,2,Contextuel,,NON,NON,OUI,Publicité foncière
1,Identification et Statut Juridique,Bail en cours,Location nue / meublée / bail commercial / bail dérogatoire — durée restante et loyer HC,CHECK,3,Important,Impact liquidité pour investisseur,NON,NON,OUI,Contrat de location
1,Identification et Statut Juridique,Droits de préemption actifs,Droit de préemption urbain (DPU) ou droit locataire (Loi Aurillac),CHECK,2,Contextuel,,NON,NON,OUI,Mairie / Notaire
2,Caractéristiques Générales,Surface Carrez (m²),"m² loi Carrez — pièces avec hauteur >1,80m — utilisé pour la vente en copropriété",NUM,4,Critique,Base de calcul prix au m²,OUI,OUI,OUI,Diagnostic métrage Carrez
2,Caractéristiques Générales,Surface Boutin / SHAB (m²),"Surface habitable loi Boutin pour les baux de location — exclut murs, marches, gaines",NUM,3,Important,,NON,OUI,OUI,Diagnostic ou mesurage
2,Caractéristiques Générales,Surface totale (m²),"m² incluant caves, garages, combles non aménagés",NUM,2,Contextuel,,OUI,NON,OUI,Mesurage complet
2,Caractéristiques Générales,Surface Plancher (m²),Pour déclaration préalable et permis de construire,NUM,1,Informatif,,NON,NON,OUI,Calcul réglementaire
2,Caractéristiques Générales,Nombre de pièces principales,Séjour + chambres >9 m² avec fenêtre,NUM,4,Critique,Principal indicateur commercial (T1 T2 T3…),OUI,OUI,OUI,Comptage sur plan
2,Caractéristiques Générales,Nombre de chambres,Pièces ≥9 m² avec fenêtre en façade,NUM,4,Critique,,NON,OUI,OUI,Visite terrain
2,Caractéristiques Générales,Nombre de salles de bain / douche,"Avec baignoire et/ou douche, vasque — WC intégré ou non",NUM,3,Important,,NON,OUI,OUI,Visite terrain
2,Caractéristiques Générales,Nombre de WC,WC indépendants et non indépendants — total,NUM,2,Contextuel,,NON,NON,OUI,Visite terrain
2,Caractéristiques Générales,Étage du bien,RdC / 1er / 2ème… — avec ou sans ascenseur,SEL,4,Critique,+5 à +10% dernier étage avec vue; -5% RdC sans jardin,NON,OUI,OUI,Pour appartement
2,Caractéristiques Générales,Nombre d'étages total immeuble,Total niveaux du bâtiment incluant RdC,NUM,2,Contextuel,,NON,OUI,OUI,Visite terrain
2,Caractéristiques Générales,Orientation principale,Façade principale : Nord / Sud / Est / Ouest / Sud-Est / Sud-Ouest,SEL,3,Important,+5 à +15% exposition Sud / Sud-Est,NON,OUI,OUI,Boussole sur site
2,Caractéristiques Générales,Ascenseur,"Présent / Absent — âge, marque, dernier contrôle réglementaire",CHECK,3,Important,+5 à +10% si absent et étage ≥3,NON,OUI,OUI,Carnet entretien syndic
2,Caractéristiques Générales,Cave (m²),"Surface en m², hauteur sous plafond, humidité, fermeture sécurisée",NUM,2,Contextuel,,NON,OUI,OUI,Visite terrain
2,Caractéristiques Générales,Grenier / Combles aménageables,Aménagés ou non — Surface et hauteur sous faîtage — potentiel de création de surface,CHECK,3,Important,Potentiel de valorisation +15 à +40%,NON,NON,OUI,Visite terrain
2,Caractéristiques Générales,Garage / Box fermé,"Surface m², motorisé ou non, accès direct au logement",CHECK,4,Critique,+10 000 à +30 000€ selon localisation,NON,OUI,OUI,Visite terrain
2,Caractéristiques Générales,Parking extérieur,"Nombre de places, couvert ou non, emplacement commun ou privatif",NUM,3,Important,,NON,OUI,OUI,Visite terrain
2,Caractéristiques Générales,Terrasse (m²),"Surface m², matériaux (carrelage, bois, béton), état, orientation, vue",NUM,4,Critique,+5 à +15% selon surface et vue,NON,OUI,OUI,Visite terrain
2,Caractéristiques Générales,Balcon (m²),"Surface m², filant ou non, type garde-corps, résistance",NUM,3,Important,+3 à +8%,NON,OUI,OUI,Visite terrain
2,Caractéristiques Générales,Loggia (m²),"Surface m², type de garde-corps, intégrée dans façade",NUM,2,Contextuel,,NON,NON,OUI,Visite terrain
2,Caractéristiques Générales,Jardin privatif (m²),"Surface m², clôturé (type), exposé (orientation), plat ou pentu",NUM,4,Critique,+5 à +25% selon surface et exposition,NON,OUI,OUI,Visite terrain
2,Caractéristiques Générales,Cour,"Surface m², mitoyenne ou commune, accès véhicule",NUM,2,Contextuel,,NON,NON,OUI,Visite terrain
2,Caractéristiques Générales,Piscine,"Enterrée / Semi-enterrée / Hors sol — surface m², état, filtration, sécurité",SEL,3,Important,+10 000 à +40 000€ selon région et qualité,NON,OUI,OUI,Visite terrain
2,Caractéristiques Générales,"Dépendances (cellier, buanderie, atelier)","Surface m² et état par local — cellier, buanderie, atelier, hangar",TEXT,2,Contextuel,,NON,NON,OUI,Visite terrain
3,Structure et Gros Œuvre,Année de construction,Date du permis de construire ou achèvement déclaré,NUM,3,Important,Détermine réglementations applicables et risques amiante/plomb,NON,OUI,OUI,"Cadastre, acte notarié"
3,Structure et Gros Œuvre,Époque de construction,Avant 1850 / 1850-1948 / 1948-1975 / 1975-2000 / Post-2000,SEL,3,Important,1948-1975 = risque amiante + mauvaise isolation,NON,NON,OUI,Estimation ou acte
3,Structure et Gros Œuvre,Type de structure porteuse,Maçonnerie pierre / Brique pleine / Parpaing / Béton armé / Ossature bois / Acier / Mixte,SEL,2,Contextuel,,NON,NON,OUI,Visite expert structure
3,Structure et Gros Œuvre,Fondations — Type,"Superficielles (semelles isolées/filantes) / Profondes (pieux, micropieux)",SEL,1,Informatif,,NON,NON,OUI,Expert structure
3,Structure et Gros Œuvre,Fondations — État,Stable / Tassement différentiel / Fissures actives / Sous-dimensionné,SEL,3,Important,Fissures actives = expertise obligatoire,NON,NON,OUI,Expert structure
3,Structure et Gros Œuvre,Toiture — Type,Toit en pente / Toit terrasse / Toit plat / Shed / Mansardé,SEL,2,Contextuel,,NON,NON,OUI,Visite terrain
3,Structure et Gros Œuvre,Toiture — Matériaux de couverture,Tuile terre cuite / Ardoise naturelle / Ardoise fibrociment / Zinc / Bac acier / Shingle / Membrane EPDM,SEL,1,Informatif,,NON,NON,OUI,Visite terrain
3,Structure et Gros Œuvre,Toiture — Âge estimé (ans),"Détermine durée de vie restante (tuile : 50-100 ans, zinc : 80 ans, shingle : 25 ans)",NUM,3,Important,,NON,NON,OUI,"Factures, observation"
3,Structure et Gros Œuvre,Toiture — État général,Neuf (0-5 ans) / Bon état (5-20 ans) / À surveiller / À refaire,STAR,4,Critique,À refaire = 15 000 à 50 000€ de travaux,NON,NON,OUI,Visite expert ou couvreur
3,Structure et Gros Œuvre,Toiture — Étanchéité,Aucune infiltration / Ponctuelles / Actives — traces sur plafonds intérieurs,SEL,3,Important,,NON,NON,OUI,Traces intérieures + visite combles
3,Structure et Gros Œuvre,Charpente — Type,"Traditionnelle (chevrons, pannes, arbalétriers) / Industrielle (fermettes) / Béton",SEL,1,Informatif,,NON,NON,OUI,Visite combles
3,Structure et Gros Œuvre,Charpente — État,Saine / Attaquée insectes / Attaquée champignons / Poutres fissurées / Consolidée,SEL,3,Important,,NON,NON,OUI,Expert charpentier
3,Structure et Gros Œuvre,Façades — Matériaux,Enduit / Pierre de taille / Brique / Bardage bois / Bardage composite / Béton brut,SEL,1,Informatif,,NON,NON,OUI,Observation
3,Structure et Gros Œuvre,Façades — État,Neuf / Bon état / Fissuré / Décollé / À ravaler,STAR,2,Contextuel,,NON,NON,OUI,Observation
3,Structure et Gros Œuvre,Dernier ravalement (date et type),"Date et type : crépi, peinture, résine, Isolation Thermique par l'Extérieur (ITE)",TEXT,2,Contextuel,,NON,NON,OUI,"Syndic, factures"
3,Structure et Gros Œuvre,ITE (Isolation Thermique Extérieure),"Présence, type (PSE, laine de roche, fibre bois), épaisseur cm, marque poseur",CHECK,3,Important,Améliore DPE — valorise le bien,NON,NON,OUI,Observation / factures
3,Structure et Gros Œuvre,Fissures structurelles en façade,"Capillaires (<1mm, esthétiques) / Structurelles (>2mm, en escalier sur brique) — expertise si structurelles",SEL,4,Critique,Fissures structurelles = décote importante,NON,NON,OUI,Expert structure
3,Structure et Gros Œuvre,Diagnostic amiante (DTA/DAPP),Dossier Technique Amiante — obligatoire si PC avant 1/07/1997,SEL,3,Important,Présent à traiter = décote + surcoût travaux,NON,NON,OUI,Diagnostiqueur certifié
3,Structure et Gros Œuvre,Diagnostic plomb (CREP),Constat de Risque Exposition Plomb — obligatoire si avant 1949,SEL,2,Contextuel,,NON,NON,OUI,Diagnostiqueur certifié
3,Structure et Gros Œuvre,Termites,Zone à risque définie par arrêté préfectoral + présence ou absence,CHECK,3,Important,,NON,NON,OUI,Diagnostiqueur certifié
3,Structure et Gros Œuvre,Mérule (champignon lignivore),Zones humides — destruction rapide de la structure bois,CHECK,4,Critique,Présent = décote majeure + travaux urgents,NON,NON,OUI,Expertise bois si suspicion
4,Revêtements Muraux Intérieurs,Pièce concernée,Séjour / Chambre 1 / Chambre 2 / Cuisine / SDB / WC / Couloir…,SEL,1,Informatif,,NON,NON,OUI,
4,Revêtements Muraux Intérieurs,Type de revêtement (par pièce),Peinture / Papier peint / Enduit à la chaux / Enduit décoratif / Carrelage / Lambris / Pierre / Boiseries,SEL,2,Contextuel,,NON,NON,OUI,Observation
4,Revêtements Muraux Intérieurs,État général (par pièce),Neuf / Bon état / À rafraîchir / À refaire,STAR,2,Contextuel,,NON,NON,OUI,Observation
4,Revêtements Muraux Intérieurs,Traces d'humidité,"Absence / Légères (auréoles anciennes) / Importantes (actives, décollements)",SEL,3,Important,,NON,NON,OUI,Humidimètre + observation
4,Revêtements Muraux Intérieurs,Moisissures,"Absence / Ponctuelles (coins, joints) / Étendues (>50 cm²)",SEL,3,Important,,NON,NON,OUI,Observation + labo si doute
4,Revêtements Muraux Intérieurs,Salpêtre,Dépôt blanc efflorescent en pied de mur ou murs en contact avec le sol,CHECK,3,Important,Indicateur de remontées capillaires,NON,NON,OUI,Observation
4,Revêtements Muraux Intérieurs,Décollements / Boursouflures,Absence / Présents localement / Généralisés — sous papier peint ou enduit,SEL,2,Contextuel,,NON,NON,OUI,Observation
4,Revêtements Muraux Intérieurs,Qualité des finitions,"Aplombs corrects, arêtes nettes / Défauts visibles / Travail amateur",STAR,2,Contextuel,,NON,NON,OUI,Observation
4,Revêtements Muraux Intérieurs,Hauteur sous plafond (cm),Mesuré au mètre laser — par pièce principale,NUM,3,Important,+3 à +8% si >270cm,NON,NON,OUI,Mètre laser
4,Revêtements Muraux Intérieurs,Moulures / Corniches / Rosaces,"Présence, style (classique, Art déco, moderne), état (intact / fissuré / absent)",CHECK,2,Contextuel,Cachet architectural valorisant en ancien,NON,NON,OUI,Observation
5,Revêtements de Sols,Pièce concernée,Séjour / Chambre / Cuisine…,SEL,1,Informatif,,NON,NON,OUI,
5,Revêtements de Sols,Type de revêtement (par pièce),Parquet massif / Contrecollé / Flottant / Carrelage grès / Marbre / Béton ciré / Résine / LVT / Moquette / Lino / Stratifié,SEL,2,Contextuel,Parquet massif = valorisant,NON,NON,OUI,Observation
5,Revêtements de Sols,Essence du bois (si parquet),"Chêne, hêtre, pin, noyer, teck, wengé, bambou…",TEXT,1,Informatif,,NON,NON,OUI,Observation / certificat
5,Revêtements de Sols,Largeur des lames (cm),<6 cm : classique / 6-10 cm : standard / >10 cm : larges lames (noble),NUM,1,Informatif,Larges lames = +5 à +10%,NON,NON,OUI,Mesure directe
5,Revêtements de Sols,État du revêtement,Neuf / Bon état / Rayé (parquet à poncer) / Abîmé / À remplacer,STAR,2,Contextuel,,NON,NON,OUI,Observation
5,Revêtements de Sols,Craquements,Stable / Craquements ponctuels / Craquements généralisés / Plancher instable,SEL,2,Contextuel,,NON,NON,OUI,Test au pied
5,Revêtements de Sols,Plancher chauffant intégré,Électrique / Hydraulique / Absent — vérifier compatibilité avec revêtement posé,SEL,3,Important,Plancher chauffant = confort + valorisation,NON,NON,OUI,Factures installation
5,Revêtements de Sols,Planéité du sol,Plan / Dénivelés visibles (<5mm/2m acceptable) / Affaissements locaux,SEL,1,Informatif,,NON,NON,OUI,Règle de 2m / niveau laser
6,Menuiseries et Fenêtres,Type de vitrage,"Simple / DV classique (4/12/4) / DV performant (4/16/4 argon) / Triple (Uw ≤0,8)",SEL,4,Critique,Fort impact DPE et confort acoustique,NON,OUI,OUI,Observation / notice
6,Menuiseries et Fenêtres,Valeur Uw menuiserie (W/m²K),"Coefficient thermique global de la fenêtre — plus c'est bas, mieux c'est",NUM,2,Contextuel,Impacte DPE directement,NON,NON,OUI,Étiquette ou documentation
6,Menuiseries et Fenêtres,Matériau des menuiseries,Bois / PVC / Aluminium standard / Aluminium à RPT (Rupture de Pont Thermique) / Mixte bois-alu,SEL,2,Contextuel,Alu RPT = meilleure isolation thermique,NON,NON,OUI,Observation
6,Menuiseries et Fenêtres,État des menuiseries,Neuf / Bon état / Joints défaillants / Déformés / Pourris (bois) / Décollements (PVC),STAR,3,Important,,NON,NON,OUI,Observation + test ouverture
6,Menuiseries et Fenêtres,Étanchéité à l'air,Bonne / Courants d'air perceptibles / Mauvaise — test papier cigarette,SEL,2,Contextuel,Mauvaise = déperditions thermiques + bruit,NON,NON,OUI,Test papier cigarette ou fumée
6,Menuiseries et Fenêtres,Volets / Persiennes,Absents / Bois / PVC / Aluminium / Roulants manuels / Roulants électriques (motorisés),SEL,2,Contextuel,Roulants motorisés = confort + isolation,NON,NON,OUI,Observation
6,Menuiseries et Fenêtres,Surface vitrée par pièce (m²),Total baies vitrées par pièce — rapport surface vitrée/sol (>15% = bien éclairé),NUM,2,Contextuel,,NON,NON,OUI,Mètre laser
6,Menuiseries et Fenêtres,Certification ACOTHERM,Classe acoustique (Ac1 à Ac4) + classe thermique (Th+) — certification NF,TEXT,1,Informatif,,NON,NON,OUI,Étiquette ou documentation
7,Portes et Accès,Porte d'entrée — Type,Standard / Blindée / Porte palière de sécurité (résistance à l'enfoncement),SEL,2,Contextuel,Blindée = argument sécurité + assurance,NON,NON,OUI,Observation
7,Portes et Accès,Porte d'entrée — Certification A2P,1 étoile (5 min) / 2 étoiles (10 min) / 3 étoiles (15 min) de résistance à l'effraction,SEL,1,Informatif,Réduction prime assurance habitation,NON,NON,OUI,Étiquette sur serrure
7,Portes et Accès,Points de fermeture,Monopoint / Multipoints 3 points / Multipoints 5 points,SEL,1,Informatif,,NON,NON,OUI,Observation
7,Portes et Accès,Visiophone,Absent / Interphone audio / Visiophone écran / Connecté smartphone avec enregistrement,SEL,1,Informatif,,NON,NON,OUI,Observation
7,Portes et Accès,Contrôle d'accès immeuble,Clé mécanique / Digicode / Badge électronique / Biométrie / Application mobile,SEL,2,Contextuel,,NON,NON,OUI,Observation
7,Portes et Accès,Porte de garage,Manuelle / Motorisée télécommande / Sectionnelle / Basculante / Coulissante,SEL,1,Informatif,,NON,NON,OUI,Observation
7,Portes et Accès,Portail,Manuel / Motorisé télécommande / Interphone intégré / Ouverture automatique,SEL,1,Informatif,,NON,NON,OUI,Observation
8,Installations Électriques,Tableau électrique — Âge (ans),En années depuis installation ou dernière mise à niveau,NUM,2,Contextuel,,NON,NON,OUI,Observation
8,Installations Électriques,Type de protection,Fusibles à cartouche (ancien) / Disjoncteurs différentiels 30mA (norme actuelle),SEL,1,Informatif,,NON,NON,OUI,Observation directe
8,Installations Électriques,Intensité du tableau (A),Monophasé 30A / 60A ou triphasé 3×25A…,NUM,1,Informatif,,NON,NON,OUI,Étiquette tableau
8,Installations Électriques,Conformité NF C 15-100,"Norme électrique française — câblage, mises à la terre, disjoncteurs différentiels 30mA",SEL,3,Important,Non conforme = travaux obligatoires,NON,NON,OUI,Diagnostiqueur COPREC
8,Installations Électriques,Mise à la terre,Présente partout / Partielle / Absente,SEL,2,Contextuel,,NON,NON,OUI,Diagnostic électrique
8,Installations Électriques,Nombre de prises par pièce,"Avec terre (3 trous), type (standard, USB intégré, encastré, saillie)",NUM,1,Informatif,,NON,NON,OUI,Comptage terrain
8,Installations Électriques,Prises RJ45 réseau,Présentes dans pièces principales — câblage Ethernet Cat5e ou Cat6,CHECK,2,Contextuel,Fibre/Ethernet intégré = valorisant,NON,NON,OUI,Observation
8,Installations Électriques,Puissance souscrite (kVA),6 / 9 / 12 / 18 / 24 / 36 kVA,NUM,1,Informatif,,NON,NON,OUI,Facture EDF ou Linky
8,Installations Électriques,Alarme intrusion,"Filaire (plus fiable) / Sans fil — marque (Ajax, Somfy…) — contrat télésurveillance actif",CHECK,1,Informatif,Réduction prime assurance,NON,NON,OUI,Observation + contrat
8,Installations Électriques,Compteur Linky,Présence et localisation — permet suivi conso en temps réel,CHECK,1,Informatif,,NON,NON,OUI,Observation
8,Installations Électriques,Domotique — Protocole,"KNX (filaire pro) / Zigbee / Z-Wave / Matter / Propriétaire (Legrand, Schneider, Somfy)",SEL,2,Contextuel,KNX = haut de gamme valorisant,NON,NON,OUI,Observation + documentation
9,Installations de Plomberie,Matériaux des canalisations,Cuivre (durable) / PER polyéthylène réticulé (flexible) / PVC / Galvanisé / Plomb (à remplacer !),SEL,3,Important,Plomb = remplacement urgent coûteux,NON,NON,OUI,Observation ou expertise
9,Installations de Plomberie,Âge des canalisations (ans),Estimation selon matériaux et époque de construction,NUM,2,Contextuel,,NON,NON,OUI,Factures / estimation
9,Installations de Plomberie,Pression de l'eau (bar),Mesure au robinet — pression dynamique (en cours d'utilisation) et statique,NUM,1,Informatif,,NON,NON,OUI,Manomètre de robinet
9,Installations de Plomberie,Chauffe-eau — Type,Électrique / Gaz instantané / Gaz accumulation / Thermodynamique PAC-ECS / Solaire / Ballon collectif,SEL,2,Contextuel,Thermodynamique = le plus économique,NON,NON,OUI,Observation
9,Installations de Plomberie,Chauffe-eau — Capacité (litres),50L (1 pers.) / 100L (2 pers.) / 150L (2-3 pers.) / 200-300L (4+ pers.),NUM,1,Informatif,,NON,NON,OUI,Étiquette chauffe-eau
9,Installations de Plomberie,Chauffe-eau — Âge (ans),"Durée de vie : électrique 10-15 ans, gaz 15-20 ans",NUM,2,Contextuel,,NON,NON,OUI,Étiquette ou facture
9,Installations de Plomberie,Adoucisseur d'eau,"Présence, marque, capacité, entretien, ajout de sel — zones eau dure (TH >25°F)",CHECK,1,Informatif,,NON,NON,OUI,Observation
9,Installations de Plomberie,État des évacuations,"PVC (récent) / Fonte (ancien) — étanchéité, absence de bouchons chroniques, pente suffisante",SEL,2,Contextuel,,NON,NON,OUI,Observation + test écoulement
10,Chauffage,Type de chauffage,Collectif / Individuel central / Électrique direct / PAC air-eau / PAC géothermique / Poêle / Insert / Plancher chauffant,SEL,4,Critique,Type détermine coût exploitation annuel,NON,OUI,OUI,Observation
10,Chauffage,Énergie principale,Gaz naturel / Fioul / GPL / Électricité / Bois / Granulés / Géothermie / Solaire / Réseau chaleur,SEL,4,Critique,Gaz/RCU = moins coûteux ; Fioul = passoire thermique,NON,OUI,OUI,Factures
10,Chauffage,Chaudière — Type,Standard (<80%) / Basse température (85%) / Condensation (>90%) / Micro-cogénération,SEL,3,Important,,NON,NON,OUI,Plaque constructeur
10,Chauffage,Chaudière — Marque / Modèle,"Viessmann, Bosch, De Dietrich, Vaillant, Saunier Duval…",TEXT,1,Informatif,,NON,NON,OUI,Plaque constructeur
10,Chauffage,Chaudière — Âge (ans),En années depuis installation — étiquette constructeur ou facture,NUM,3,Important,,NON,NON,OUI,Plaque ou facture
10,Chauffage,Chaudière — Rendement saisonnier (%),% rendement saisonnier — mesurable via rapport entretien annuel,NUM,2,Contextuel,,NON,NON,OUI,Rapport entretien annuel
10,Chauffage,PAC — COP hiver,Ratio énergie produite / consommée en mode chauffage,NUM,2,Contextuel,,NON,NON,OUI,Documentation technique
10,Chauffage,PAC — SCOP annuel,Coefficient saisonnier plus représentatif de la performance réelle annuelle,NUM,2,Contextuel,,NON,NON,OUI,Documentation technique
10,Chauffage,Type d'émetteurs,Radiateurs fonte / Acier / Alu / Convecteurs / Plancher chauffant / Ventilo-convecteurs,SEL,2,Contextuel,Plancher chauffant = confort maximal,NON,NON,OUI,Observation
10,Chauffage,Régulation du chauffage,"Simple thermostat / Programmable / Connecté (Nest, Ecobee, Netatmo) / Robinets thermostatiques",SEL,2,Contextuel,Connecté = 15-30% économies,NON,NON,OUI,Observation
10,Chauffage,Contrat entretien annuel à jour,Obligatoire légalement — dernier rapport d'entretien,CHECK,1,Informatif,,NON,NON,OUI,Contrat entretien
11,Climatisation,Type de climatisation,Monobloc mobile / Split mural (mono) / Multi-split / Gainable centralisée / PAC réversible,SEL,2,Contextuel,,NON,NON,OUI,Observation
11,Climatisation,Nombre d'unités intérieures,1 par pièce principale recommandé,NUM,1,Informatif,,NON,NON,OUI,Observation
11,Climatisation,Puissance par unité (kW),Adaptée à la surface de la pièce traitée,NUM,1,Informatif,,NON,NON,OUI,Plaque constructeur
11,Climatisation,Marque / Modèle,"Daikin, Mitsubishi, LG, Samsung, Hitachi, Panasonic…",TEXT,1,Informatif,,NON,NON,OUI,Plaque constructeur
11,Climatisation,SEER (coefficient efficacité saisonnier),Ratio énergie froide produite / consommée sur la saison estivale,NUM,1,Informatif,,NON,NON,OUI,Documentation
11,Climatisation,Âge (ans),<10 ans = bon état — fuites fréon possibles sur anciens équipements,NUM,1,Informatif,,NON,NON,OUI,Facture ou plaque
11,Climatisation,Entretien filtres,Nettoyage recommandé tous les mois en période d'utilisation — contrat entretien,CHECK,1,Informatif,,NON,NON,OUI,Observation + contrat
12,Ventilation et Qualité de l'Air Intérieur,Type de ventilation,Naturelle / VMC SF autoréglable / VMC SF hygroréglable A / VMC SF hygroréglable B / VMC double flux,SEL,3,Important,VMC-DF = meilleur confort + économies chauffage,NON,NON,OUI,Observation
12,Ventilation et Qualité de l'Air Intérieur,Débit extraction (m³/h),Cuisine 45 m³/h / SDB 15 m³/h / WC 15 m³/h — selon réglementation,NUM,1,Informatif,,NON,NON,OUI,Mesure ou documentation
12,Ventilation et Qualité de l'Air Intérieur,État du réseau et des bouches,Bouches propres / Obstruées / Réseau non visité,SEL,2,Contextuel,,NON,NON,OUI,Observation
12,Ventilation et Qualité de l'Air Intérieur,Récupération de chaleur — Efficacité (%),Échangeur entre air entrant et sortant (VMC double flux uniquement),NUM,2,Contextuel,Économies chauffage jusqu'à 30%,NON,NON,OUI,Documentation technique
12,Ventilation et Qualité de l'Air Intérieur,CO₂ ambiant (ppm),Indicateur de qualité du renouvellement d'air,NUM,1,Informatif,,NON,NON,OUI,"Capteur CO2 (type Aranet, SCD30)"
12,Ventilation et Qualité de l'Air Intérieur,Humidité relative ambiante (%),% HR dans les pièces principales,NUM,1,Informatif,,NON,NON,OUI,Hygromètre électronique
12,Ventilation et Qualité de l'Air Intérieur,COV intérieurs (µg/m³),"Composés Organiques Volatils — peintures, colles, meubles, produits ménagers",NUM,1,Informatif,,NON,NON,OUI,"Capteur VOC (Foobot, Netatmo)"
13,Isolation Thermique et Performance Énergétique,Isolation toiture — Type de matériau,Laine de verre / Laine de roche / Ouate de cellulose / Laine de bois / PSE / PIR / Sarking,SEL,2,Contextuel,,NON,NON,OUI,Visite combles
13,Isolation Thermique et Performance Énergétique,Isolation toiture — Épaisseur (cm),>30 cm = bon niveau actuel (R≥7 m²K/W),NUM,2,Contextuel,,NON,NON,OUI,Mesure ou documentation
13,Isolation Thermique et Performance Énergétique,Isolation toiture — État,Intact / Tassé (perte efficacité) / Rongeurs / Absent,SEL,2,Contextuel,,NON,NON,OUI,Visite combles
13,Isolation Thermique et Performance Énergétique,Isolation murs — Type,Par l'intérieur (ITI) / Par l'extérieur (ITE) / Remplissage de doublage / Aucune,SEL,3,Important,ITE = traitement des ponts thermiques,NON,NON,OUI,Observation / documentation
13,Isolation Thermique et Performance Énergétique,Isolation murs — Épaisseur (cm),En cm de matériau isolant posé,NUM,2,Contextuel,,NON,NON,OUI,Documentation ou mesure
13,Isolation Thermique et Performance Énergétique,Ponts thermiques,"Jonctions mur-plancher, mur-fenêtre — Présents / Traités / Absents",SEL,3,Important,,NON,NON,OUI,Thermographie ou documentation
13,Isolation Thermique et Performance Énergétique,Isolation plancher bas,Présent sur vide-sanitaire ou cave / Absent — type et épaisseur,CHECK,2,Contextuel,,NON,NON,OUI,Vide-sanitaire ou cave
13,Isolation Thermique et Performance Énergétique,DPE — Étiquette énergie,Classe de A à G selon consommation primaire en kWh/m²/an,SEL,4,Critique,F/G : gel loyers + décote -5 à -20%,NON,OUI,OUI,DPE post-juillet 2021
13,Isolation Thermique et Performance Énergétique,DPE — Consommation (kWh/m²/an),Consommation primaire annuelle mesurée ou calculée,NUM,3,Important,,NON,OUI,OUI,Rapport DPE
13,Isolation Thermique et Performance Énergétique,DPE — Étiquette GES,Classe A à G — émissions de CO₂ en kg/m²/an,SEL,3,Important,,NON,OUI,OUI,Rapport DPE
13,Isolation Thermique et Performance Énergétique,Audit énergétique réalisé,Obligatoire pour F et G à la vente — scénarios de rénovation par étape avec estimatifs,CHECK,2,Contextuel,Passage F→C = +10 à +20% de valeur,NON,NON,OUI,Rapport audit
13,Isolation Thermique et Performance Énergétique,Étiquette DPE atteignable post-travaux,Potentiel de revalorisation après rénovation,SEL,3,Important,Opportunité de valorisation importante,NON,NON,OUI,Rapport audit énergétique
14,Humidité et Pathologies,Taux d'humidité relative ambiante (%),Par pièce — mesure avec hygromètre électronique,NUM,1,Informatif,,NON,NON,OUI,Hygromètre électronique
14,Humidité et Pathologies,Taux d'humidité dans les parois (%),"Mesure dans murs, planchers, cloisons par contact ou infra-rouge",NUM,2,Contextuel,,NON,NON,OUI,Humidimètre à pointe ou scanner IR
14,Humidité et Pathologies,Moisissures — Localisation,"Angles plafond/mur, derrière mobilier, dessous fenêtres, SDB, cave",TEXT,2,Contextuel,,NON,NON,OUI,Observation + labo si doute
14,Humidité et Pathologies,Moisissures — Étendue,Ponctuelles (<50 cm²) / Moyennes / Étendues (>1 m²),SEL,3,Important,Impact santé + décote commerciale,NON,NON,OUI,Mesure surface affectée
14,Humidité et Pathologies,Traces d'infiltration,"Auréoles sur plafonds, murs en pignon, autour des baies, sous la toiture",CHECK,3,Important,,NON,NON,OUI,Observation après pluie
14,Humidité et Pathologies,Remontées capillaires,"Pied de mur humide, salpêtre, dégradation plâtre bas, odeur",CHECK,3,Important,Traitement par injection résine = 5 000-20 000€,NON,NON,OUI,Humidimètre + observation
14,Humidité et Pathologies,Condensation en toiture / combles,"Traces sur charpente, isolation mouillée dans les combles",CHECK,2,Contextuel,,NON,NON,OUI,Observation combles matin
14,Humidité et Pathologies,Condensation sous-sol / cave,"Cave ou vide sanitaire humide — flaques, condensation sur murs",CHECK,1,Informatif,,NON,NON,OUI,Observation cave
14,Humidité et Pathologies,Odeurs caractéristiques,Odeur de moisissure (champignon) / Humidité / Renfermé persistant,SEL,2,Contextuel,Indicateur fiable de problème d'humidité,NON,NON,OUI,Olfactif sur site
15,Cuisine,Surface cuisine (m²),Mesurée — intégrée au séjour si ouverte ou surface indépendante si fermée,NUM,2,Contextuel,,NON,NON,OUI,Mètre laser
15,Cuisine,Configuration,Ouverte sur séjour / Semi-ouverte passe-plat / Fermée indépendante,SEL,2,Contextuel,,NON,NON,OUI,Observation
15,Cuisine,Cuisine équipée,Liste des appareils inclus dans la vente,CHECK,3,Important,,NON,OUI,OUI,Contrat de vente
15,Cuisine,Plan de travail — Matériau,Stratifié (basique) / Granit naturel / Quartz composite / Bois / Inox,SEL,1,Informatif,,NON,NON,OUI,Observation
15,Cuisine,Plaque de cuisson,Gaz (nb feux) / Induction / Vitrocéramique / Gaz sous vitrocéramique,SEL,1,Informatif,,NON,NON,OUI,Observation
15,Cuisine,Hotte,Aspirante évacuation extérieure (recommandée) / Filtrante recirculation / Centrale îlot,SEL,1,Informatif,,NON,NON,OUI,Observation
15,Cuisine,Four,"Intégré / Pose libre / Combiné micro-ondes — marque, état, pyrolyse ou non",SEL,1,Informatif,,NON,NON,OUI,Observation
15,Cuisine,Lave-vaisselle,"Intégré / Pose libre / Semi-intégré — marque, état, classe énergie",SEL,1,Informatif,,NON,NON,OUI,Observation
15,Cuisine,État général cuisine,Neuf / Bon état / Daté / À refaire entièrement,STAR,3,Important,,NON,NON,OUI,Observation
16,Salles de Bain et WC,Nombre de salles de bain,SDB complète (baignoire + douche + vasque) vs salle d'eau (douche + vasque),NUM,2,Contextuel,,NON,NON,OUI,Visite terrain
16,Salles de Bain et WC,Surface SDB (m²),<4m² = petite / 4-8m² = standard / >8m² = grande,NUM,2,Contextuel,,NON,NON,OUI,Mètre laser
16,Salles de Bain et WC,Baignoire,Encastrée (standard) / Îlot (haut de gamme) / Balnéo — matière — état,SEL,1,Informatif,,NON,NON,OUI,Observation
16,Salles de Bain et WC,Douche,Italienne affleurante / Sans receveur / Cabine préfabriquée — dimensions et état des joints,SEL,1,Informatif,,NON,NON,OUI,Observation
16,Salles de Bain et WC,Vasque,"Simple / Double — matière (céramique, verre, béton) — état",SEL,1,Informatif,,NON,NON,OUI,Observation
16,Salles de Bain et WC,WC suspendus,Suspendu (carénage mural) / À poser — nombre WC indépendants,CHECK,1,Informatif,,NON,NON,OUI,Observation
16,Salles de Bain et WC,Carrelage SDB — État,Joints propres / Fissures / Décollements / Carreaux cassés,STAR,2,Contextuel,,NON,NON,OUI,Observation
16,Salles de Bain et WC,Ventilation SDB,VMC avec débit suffisant / Fenêtre (insuffisant seul) / Absence totale,SEL,1,Informatif,,NON,NON,OUI,Observation
16,Salles de Bain et WC,Robinetterie SDB,"Marque (Grohe, Hansgrohe…) / Thermostatique / Standard — état et fuites",SEL,1,Informatif,,NON,NON,OUI,Observation
16,Salles de Bain et WC,Radiateur sèche-serviettes,"Électrique / Hydraulique (sur circuit chauffage) — marque, état, puissance W",SEL,1,Informatif,,NON,NON,OUI,Observation
17,Parties Communes (Copropriété),Hall d'entrée — État,"Neuf / Correct / Dégradé — sécurisé (digicode, visiophone) ou non — luminosité",STAR,2,Contextuel,Indicateur de l'entretien général de la copropriété,NON,NON,OUI,Visite terrain
17,Parties Communes (Copropriété),Cage d'escalier — État,"Matériaux, état peintures et revêtements sols, éclairage (minuterie, détecteur)",STAR,2,Contextuel,,NON,NON,OUI,Visite terrain
17,Parties Communes (Copropriété),Ascenseur — Âge (ans),"Marque, dernier contrôle technique réglementaire obligatoire, état cabine",NUM,2,Contextuel,,NON,NON,OUI,Carnet entretien syndic
17,Parties Communes (Copropriété),Carnet d'entretien à jour,Obligatoire légalement — historique des travaux réalisés depuis 10 ans,CHECK,2,Contextuel,,NON,NON,OUI,Demander au syndic
17,Parties Communes (Copropriété),Charges courantes (€/mois),"Détail par postes : entretien, assurance, gardien, eau commune, électricité…",NUM,4,Critique,Fort impact coût total de possession,NON,OUI,OUI,Appels de fonds
17,Parties Communes (Copropriété),Fonds de travaux ALUR (€),Montant de l'épargne collective pour travaux futurs — % des charges courantes,NUM,3,Important,Fond faible = risque appel charges exceptionnel,NON,NON,OUI,État financier syndic
17,Parties Communes (Copropriété),Travaux votés à venir,"Ravalement, toiture, ascenseur, canalisations communes — montant et calendrier",TEXT,4,Critique,Travaux votés = appel charges exceptionnel à venir,NON,NON,OUI,PV AG + DTG
17,Parties Communes (Copropriété),Taux d'impayés copropriétaires (%),% de copropriétaires en impayés — indicateur santé financière de la copropriété,NUM,3,Important,Copropriété fragile = difficultés de revente,NON,NON,OUI,État financier syndic
18,Diagnostics Immobiliers Obligatoires,DPE — Étiquette énergie,Classe A à G — version post-juillet 2021 obligatoire (opposable),SEL,4,Critique,Fort impact valeur et liquidité,NON,OUI,OUI,Diagnostiqueur certifié
18,Diagnostics Immobiliers Obligatoires,Diagnostic amiante (DAPP),Présence / Absence — avant 1/07/1997,SEL,2,Contextuel,,NON,NON,OUI,Diagnostiqueur certifié
18,Diagnostics Immobiliers Obligatoires,CREP — Plomb,Présent / Absent — avant 1949,SEL,2,Contextuel,,NON,NON,OUI,Diagnostiqueur certifié
18,Diagnostics Immobiliers Obligatoires,Diagnostic termites,Zone à arrêté préfectoral — présence ou absence,CHECK,2,Contextuel,,NON,NON,OUI,Diagnostiqueur certifié
18,Diagnostics Immobiliers Obligatoires,Diagnostic gaz,Installation gaz intérieure >15 ans — état sécuritaire,SEL,2,Contextuel,,NON,NON,OUI,Diagnostiqueur certifié
18,Diagnostics Immobiliers Obligatoires,Diagnostic électricité,Installation électrique >15 ans — conformité NF C 15-100,SEL,2,Contextuel,,NON,NON,OUI,Diagnostiqueur certifié COPREC
18,Diagnostics Immobiliers Obligatoires,Diagnostic assainissement,Non raccordé au tout-à-l'égout — état fosse septique,SEL,2,Contextuel,,NON,NON,OUI,Service public assainissement
18,Diagnostics Immobiliers Obligatoires,ERP (État Risques et Pollutions),"Risques naturels, technologiques, pollution sols, radon, minage",CHECK,3,Important,,NON,NON,OUI,Géorisques.gouv.fr
18,Diagnostics Immobiliers Obligatoires,Audit énergétique,Obligatoire maisons DPE F ou G à la vente — scénarios travaux par étape,CHECK,2,Contextuel,Obligatoire si F ou G — coût 600-1500€,NON,NON,OUI,Auditeur certifié RGE
18,Diagnostics Immobiliers Obligatoires,Mesurage loi Carrez (m²),Surface privative exacte — garantit l'acheteur,NUM,3,Important,,NON,NON,OUI,Diagnostiqueur certifié
18,Diagnostics Immobiliers Obligatoires,Diagnostic mérule,Zone à arrêté préfectoral — présence ou absence du champignon,CHECK,2,Contextuel,,NON,NON,OUI,Expert bois certifié
18,Diagnostics Immobiliers Obligatoires,Diagnostic bruit PEB,Zone PEB (aéroport) — zone A B C ou D,SEL,3,Important,Zone A/B = décote -5 à -20%,NON,NON,OUI,DGAC / Géoportail
19,Équipements Technologiques et Durables,Fibre optique,Éligible FTTH / Raccordée immeuble / Présente dans logement (prise RJ45 fibre),SEL,3,Important,Non disponible = critère rédhibitoire,NON,OUI,OUI,Test éligibilité opérateur
19,Équipements Technologiques et Durables,Débit internet mesuré (Mbit/s),Mesuré en download et upload (speedtest.net) — technologie réelle,NUM,2,Contextuel,,NON,NON,OUI,speedtest.net
19,Équipements Technologiques et Durables,Domotique — Protocole et étendue,KNX (filaire pro) / Zigbee / Z-Wave / Matter / Propriétaire — niveau d'intégration,SEL,2,Contextuel,KNX complet = valorisation +2 à +5%,NON,NON,OUI,Observation + documentation
19,Équipements Technologiques et Durables,Panneaux solaires PV — Puissance (kWc),Puissance installée en kWc + orientation + inclinaison,NUM,3,Important,Argument énergie + revenus rachat EDF OA,NON,NON,OUI,Facture installation
19,Équipements Technologiques et Durables,Production PV annuelle (kWh/an),Mesurée sur le dernier exercice complet,NUM,2,Contextuel,,NON,NON,OUI,Compteur de production
19,Équipements Technologiques et Durables,Contrat rachat EDF OA (Obligation d'Achat),Tarif de rachat (€/kWh) et durée restante du contrat,TEXT,3,Important,Revenus garantis à transmettre à l'acheteur,NON,NON,OUI,Contrat EDF OA
19,Équipements Technologiques et Durables,Batterie de stockage énergie (kWh),"Capacité en kWh — marque (Tesla Powerwall, SolarEdge, Enphase)",NUM,2,Contextuel,Autoconsommation optimisée,NON,NON,OUI,Facture installation
19,Équipements Technologiques et Durables,Borne de recharge VE (kW),"Puissance : 3,7 kW / 7,4 kW standard / 22 kW triphasé — type T2",SEL,3,Important,Argument fort pour propriétaires VE,NON,NON,OUI,Observation
19,Équipements Technologiques et Durables,Panneaux solaires thermiques (m²),m² de capteurs installés — production ECS annuelle (kWh),NUM,2,Contextuel,Réduit facture eau chaude 50-70%,NON,NON,OUI,Facture installation
19,Équipements Technologiques et Durables,Récupération eau de pluie,"Cuve (litres), usage (arrosage, WC), filtre et pompe",CHECK,1,Informatif,Tendance écologique valorisante,NON,NON,OUI,Observation
19,Équipements Technologiques et Durables,Puits canadien / géothermique,Échangeur de chaleur en sous-sol — préconditionne l'air entrant dans la VMC-DF,CHECK,2,Contextuel,Rare et très valorisant,NON,NON,OUI,Documentation technique
19,Équipements Technologiques et Durables,Alarme intrusion,Filaire (plus fiable) / Sans fil — marque — contrat télésurveillance actif,CHECK,1,Informatif,Réduction prime assurance habitation,NON,NON,OUI,Observation + contrat
