id_categorie,categorie,champ,description,type_champ,libelle_type,options_valeurs,seuil_reference,source,impact_valeur
1,Identification et Statut Juridique,Adresse complète,"Numéro, rue, code postal, ville, bâtiment, étage, numéro de porte",TEXT,Texte libre,,,Acte de propriété,
1,Identification et Statut Juridique,Référence cadastrale,Département / Commune / Préfixe / Section / Numéro de parcelle,TEXT,Texte libre,,,Cadastre.gouv.fr,
1,Identification et Statut Juridique,Type de bien,Appartement / Maison individuelle / Villa / Studio / Duplex / Loft / Terrain / Local commercial,SEL,Liste de choix,Appartement;Maison individuelle;Villa;Studio;Duplex;Loft;Terrain;Local commercial;Autre,,Titre de propriété,Base de valorisation
1,Identification et Statut Juridique,Régime de propriété,Pleine propriété / Copropriété / Indivision / SCI / Bail emphytéotique,SEL,Liste de choix,Pleine propriété;Copropriété;Indivision;SCI;Bail emphytéotique,,Titre de propriété,
1,Identification et Statut Juridique,Numéro de lot (copropriété),Numéro(s) de lot(s) dans le règlement de copropriété,TEXT,Texte libre,,,Règlement de copropriété,
1,Identification et Statut Juridique,Quote-part copropriété (millièmes),Tantièmes / millièmes attribués au lot,NUM,Nombre / Mesure,,,État daté,
1,Identification et Statut Juridique,Servitudes,"Passage, vue, écoulement, mitoyenneté — nature et emprise précise",TEXT,Texte libre,,,Acte de propriété,Contrainte ou avantage selon nature
1,Identification et Statut Juridique,Hypothèques et sûretés,"Prêts en cours, hypothèques légales, privilèges de prêteurs de deniers",CHECK,Oui / Non,Oui;Non,,Publicité foncière,
1,Identification et Statut Juridique,Bail en cours,Location nue / meublée / bail commercial / bail dérogatoire — durée restante et loyer HC,CHECK,Oui / Non,Oui;Non,,Contrat de location,Impact liquidité pour investisseur
1,Identification et Statut Juridique,Droits de préemption actifs,Droit de préemption urbain (DPU) ou droit locataire (Loi Aurillac),CHECK,Oui / Non,Oui;Non,,Mairie / Notaire,
2,Caractéristiques Générales,Surface Carrez (m²),"m² loi Carrez — pièces avec hauteur >1,80m — utilisé pour la vente en copropriété",NUM,Nombre / Mesure,,,Diagnostic métrage Carrez,Base de calcul prix au m²
2,Caractéristiques Générales,Surface Boutin / SHAB (m²),"Surface habitable loi Boutin pour les baux de location — exclut murs, marches, gaines",NUM,Nombre / Mesure,,,Diagnostic ou mesurage,
2,Caractéristiques Générales,Surface totale (m²),"m² incluant caves, garages, combles non aménagés",NUM,Nombre / Mesure,,,Mesurage complet,
2,Caractéristiques Générales,Surface Plancher (m²),Pour déclaration préalable et permis de construire,NUM,Nombre / Mesure,,,Calcul réglementaire,
2,Caractéristiques Générales,Nombre de pièces principales,Séjour + chambres >9 m² avec fenêtre,NUM,Nombre / Mesure,,,Comptage sur plan,Principal indicateur commercial (T1 T2 T3…)
2,Caractéristiques Générales,Nombre de chambres,Pièces ≥9 m² avec fenêtre en façade,NUM,Nombre / Mesure,,,Visite terrain,
2,Caractéristiques Générales,Nombre de salles de bain / douche,"Avec baignoire et/ou douche, vasque — WC intégré ou non",NUM,Nombre / Mesure,,,Visite terrain,
2,Caractéristiques Générales,Nombre de WC,WC indépendants et non indépendants — total,NUM,Nombre / Mesure,,,Visite terrain,
2,Caractéristiques Générales,Étage du bien,RdC / 1er / 2ème… — avec ou sans ascenseur,SEL,Liste de choix,RdC;1er;2ème;3ème;4ème;5ème;6ème et +;Dernier étage,,Pour appartement,+5 à +10% dernier étage avec vue; -5% RdC sans jardin
2,Caractéristiques Générales,Nombre d'étages total immeuble,Total niveaux du bâtiment incluant RdC,NUM,Nombre / Mesure,,,Visite terrain,
2,Caractéristiques Générales,Orientation principale,Façade principale : Nord / Sud / Est / Ouest / Sud-Est / Sud-Ouest,SEL,Liste de choix,Nord;Sud;Est;Ouest;Nord-Est;Nord-Ouest;Sud-Est;Sud-Ouest,,Boussole sur site,+5 à +15% exposition Sud / Sud-Est
2,Caractéristiques Générales,Ascenseur,"Présent / Absent — âge, marque, dernier contrôle réglementaire",CHECK,Oui / Non,Oui;Non,,Carnet entretien syndic,+5 à +10% si absent et étage ≥3
2,Caractéristiques Générales,Cave (m²),"Surface en m², hauteur sous plafond, humidité, fermeture sécurisée",NUM,Nombre / Mesure,,,Visite terrain,
2,Caractéristiques Générales,Grenier / Combles aménageables,Aménagés ou non — Surface et hauteur sous faîtage — potentiel de création de surface,CHECK,Oui / Non,Oui aménagés;Oui non aménagés;Non,"Hauteur >1,80m = aménageable",Visite terrain,Potentiel de valorisation +15 à +40%
2,Caractéristiques Générales,Garage / Box fermé,"Surface m², motorisé ou non, accès direct au logement",CHECK,Oui / Non,Oui motorisé;Oui non motorisé;Non,,Visite terrain,+10 000 à +30 000€ selon localisation
2,Caractéristiques Générales,Parking extérieur,"Nombre de places, couvert ou non, emplacement commun ou privatif",NUM,Nombre / Mesure,,,Visite terrain,
2,Caractéristiques Générales,Terrasse (m²),"Surface m², matériaux (carrelage, bois, béton), état, orientation, vue",NUM,Nombre / Mesure,,,Visite terrain,+5 à +15% selon surface et vue
2,Caractéristiques Générales,Balcon (m²),"Surface m², filant ou non, type garde-corps, résistance",NUM,Nombre / Mesure,,,Visite terrain,+3 à +8%
2,Caractéristiques Générales,Loggia (m²),"Surface m², type de garde-corps, intégrée dans façade",NUM,Nombre / Mesure,,,Visite terrain,
2,Caractéristiques Générales,Jardin privatif (m²),"Surface m², clôturé (type), exposé (orientation), plat ou pentu",NUM,Nombre / Mesure,,,Visite terrain,+5 à +25% selon surface et exposition
2,Caractéristiques Générales,Cour,"Surface m², mitoyenne ou commune, accès véhicule",NUM,Nombre / Mesure,,,Visite terrain,
2,Caractéristiques Générales,Piscine,"Enterrée / Semi-enterrée / Hors sol — surface m², état, filtration, sécurité",SEL,Liste de choix,Enterrée;Semi-enterrée;Hors sol;Aucune,,Visite terrain,+10 000 à +40 000€ selon région et qualité
2,Caractéristiques Générales,"Dépendances (cellier, buanderie, atelier)","Surface m² et état par local — cellier, buanderie, atelier, hangar",TEXT,Texte libre,,,Visite terrain,
3,Structure et Gros Œuvre,Année de construction,Date du permis de construire ou achèvement déclaré,NUM,Nombre / Mesure,,,"Cadastre, acte notarié",Détermine réglementations applicables et risques amiante/plomb
3,Structure et Gros Œuvre,Époque de construction,Avant 1850 / 1850-1948 / 1948-1975 / 1975-2000 / Post-2000,SEL,Liste de choix,Avant 1850;1850-1948;1948-1975;1975-2000;Post-2000,,Estimation ou acte,1948-1975 = risque amiante + mauvaise isolation
3,Structure et Gros Œuvre,Type de structure porteuse,Maçonnerie pierre / Brique pleine / Parpaing / Béton armé / Ossature bois / Acier / Mixte,SEL,Liste de choix,Maçonnerie pierre;Brique pleine;Parpaing;Béton armé;Ossature bois;Acier;Mixte,,Visite expert structure,
3,Structure et Gros Œuvre,Fondations — Type,"Superficielles (semelles isolées/filantes) / Profondes (pieux, micropieux)",SEL,Liste de choix,Superficielles - semelles isolées;Superficielles - semelles filantes;Profondes - pieux;Profondes - micropieux;Inconnues,,Expert structure,
3,Structure et Gros Œuvre,Fondations — État,Stable / Tassement différentiel / Fissures actives / Sous-dimensionné,SEL,Liste de choix,Stable;Tassement différentiel;Fissures actives;Sous-dimensionné,,Expert structure,Fissures actives = expertise obligatoire
3,Structure et Gros Œuvre,Toiture — Type,Toit en pente / Toit terrasse / Toit plat / Shed / Mansardé,SEL,Liste de choix,En pente;Terrasse;Plat;Shed;Mansardé,,Visite terrain,
3,Structure et Gros Œuvre,Toiture — Matériaux de couverture,Tuile terre cuite / Ardoise naturelle / Ardoise fibrociment / Zinc / Bac acier / Shingle / Membrane EPDM,SEL,Liste de choix,Tuile terre cuite;Ardoise naturelle;Ardoise fibrociment;Zinc;Bac acier;Shingle;Membrane EPDM;Autre,,Visite terrain,
3,Structure et Gros Œuvre,Toiture — Âge estimé (ans),"Détermine durée de vie restante (tuile : 50-100 ans, zinc : 80 ans, shingle : 25 ans)",NUM,Nombre / Mesure,,<15 ans = bon état,"Factures, observation",
3,Structure et Gros Œuvre,Toiture — État général,Neuf (0-5 ans) / Bon état (5-20 ans) / À surveiller / À refaire,STAR,Note 1-5,1 - À refaire immédiatement;2 - À surveiller;3 - Correct;4 - Bon état;5 - Neuf ou récent,,Visite expert ou couvreur,À refaire = 15 000 à 50 000€ de travaux
3,Structure et Gros Œuvre,Toiture — Étanchéité,Aucune infiltration / Ponctuelles / Actives — traces sur plafonds intérieurs,SEL,Liste de choix,Aucune infiltration;Infiltrations ponctuelles anciennes;Infiltrations actives,,Traces intérieures + visite combles,
3,Structure et Gros Œuvre,Charpente — Type,"Traditionnelle (chevrons, pannes, arbalétriers) / Industrielle (fermettes) / Béton",SEL,Liste de choix,Traditionnelle;Industrielle - fermettes;Béton;Métallique,,Visite combles,
3,Structure et Gros Œuvre,Charpente — État,Saine / Attaquée insectes / Attaquée champignons / Poutres fissurées / Consolidée,SEL,Liste de choix,Saine;Attaquée insectes;Attaquée champignons;Poutres fissurées;Consolidée,,Expert charpentier,
3,Structure et Gros Œuvre,Façades — Matériaux,Enduit / Pierre de taille / Brique / Bardage bois / Bardage composite / Béton brut,SEL,Liste de choix,Enduit;Pierre de taille;Brique;Bardage bois;Bardage composite;Béton brut;Mixte,,Observation,
3,Structure et Gros Œuvre,Façades — État,Neuf / Bon état / Fissuré / Décollé / À ravaler,STAR,Note 1-5,1 - À ravaler urgence;2 - Dégradé;3 - Correct;4 - Bon état;5 - Neuf ou récent,,Observation,
3,Structure et Gros Œuvre,Dernier ravalement (date et type),"Date et type : crépi, peinture, résine, Isolation Thermique par l'Extérieur (ITE)",TEXT,Texte libre,,,"Syndic, factures",
3,Structure et Gros Œuvre,ITE (Isolation Thermique Extérieure),"Présence, type (PSE, laine de roche, fibre bois), épaisseur cm, marque poseur",CHECK,Oui / Non,Oui;Non,,Observation / factures,Améliore DPE — valorise le bien
3,Structure et Gros Œuvre,Fissures structurelles en façade,"Capillaires (<1mm, esthétiques) / Structurelles (>2mm, en escalier sur brique) — expertise si structurelles",SEL,Liste de choix,Aucune;Capillaires <1mm esthétiques;Structurelles >2mm;Fissures en escalier,>2mm = expertise obligatoire,Expert structure,Fissures structurelles = décote importante
3,Structure et Gros Œuvre,Diagnostic amiante (DTA/DAPP),Dossier Technique Amiante — obligatoire si PC avant 1/07/1997,SEL,Liste de choix,Absent certifié;Présent - encapsulé;Présent - à traiter;Non diagnostiqué,Présent à traiter = coût dépollution,Diagnostiqueur certifié,Présent à traiter = décote + surcoût travaux
3,Structure et Gros Œuvre,Diagnostic plomb (CREP),Constat de Risque Exposition Plomb — obligatoire si avant 1949,SEL,Liste de choix,Négatif;Positif - en bon état;Positif - dégradé (risque),Avant 1949 = diagnostic obligatoire,Diagnostiqueur certifié,
3,Structure et Gros Œuvre,Termites,Zone à risque définie par arrêté préfectoral + présence ou absence,CHECK,Oui / Non,Absent;Présent;Zone à risque non diagnostiquée,Présent = traitement curatif obligatoire,Diagnostiqueur certifié,
3,Structure et Gros Œuvre,Mérule (champignon lignivore),Zones humides — destruction rapide de la structure bois,CHECK,Oui / Non,Absent;Présent;Suspicion - expertise recommandée,,Expertise bois si suspicion,Présent = décote majeure + travaux urgents
4,Revêtements Muraux Intérieurs,Pièce concernée,Séjour / Chambre 1 / Chambre 2 / Cuisine / SDB / WC / Couloir…,SEL,Liste de choix,Séjour;Cuisine;Chambre 1;Chambre 2;Chambre 3;SDB;WC;Couloir;Bureau;Autre,,,
4,Revêtements Muraux Intérieurs,Type de revêtement (par pièce),Peinture / Papier peint / Enduit à la chaux / Enduit décoratif / Carrelage / Lambris / Pierre / Boiseries,SEL,Liste de choix,Peinture;Papier peint;Enduit à la chaux;Enduit décoratif;Carrelage;Lambris bois;Pierre apparente;Boiseries;Tissu tendu;Béton ciré,,Observation,
4,Revêtements Muraux Intérieurs,État général (par pièce),Neuf / Bon état / À rafraîchir / À refaire,STAR,Note 1-5,1 - À refaire;2 - Dégradé;3 - À rafraîchir;4 - Bon état;5 - Neuf,,Observation,
4,Revêtements Muraux Intérieurs,Traces d'humidité,"Absence / Légères (auréoles anciennes) / Importantes (actives, décollements)",SEL,Liste de choix,Absence;Légères - auréoles anciennes;Importantes - actives;Décollements généralisés,,Humidimètre + observation,
4,Revêtements Muraux Intérieurs,Moisissures,"Absence / Ponctuelles (coins, joints) / Étendues (>50 cm²)",SEL,Liste de choix,Absence;Ponctuelles <50 cm²;Moyennes 50-200 cm²;Étendues >200 cm²,>50 cm² = traitement et recherche cause,Observation + labo si doute,
4,Revêtements Muraux Intérieurs,Salpêtre,Dépôt blanc efflorescent en pied de mur ou murs en contact avec le sol,CHECK,Oui / Non,Oui;Non,,Observation,Indicateur de remontées capillaires
4,Revêtements Muraux Intérieurs,Décollements / Boursouflures,Absence / Présents localement / Généralisés — sous papier peint ou enduit,SEL,Liste de choix,Absence;Locaux <10%;Généralisés >10%,,Observation,
4,Revêtements Muraux Intérieurs,Qualité des finitions,"Aplombs corrects, arêtes nettes / Défauts visibles / Travail amateur",STAR,Note 1-5,1 - Amateur;2 - Faible;3 - Correct;4 - Bon;5 - Excellent,,Observation,
4,Revêtements Muraux Intérieurs,Hauteur sous plafond (cm),Mesuré au mètre laser — par pièce principale,NUM,Nombre / Mesure,,>270 cm = généreux; <250 cm = bas,Mètre laser,+3 à +8% si >270cm
4,Revêtements Muraux Intérieurs,Moulures / Corniches / Rosaces,"Présence, style (classique, Art déco, moderne), état (intact / fissuré / absent)",CHECK,Oui / Non,Oui - intact;Oui - fissuré;Absent,,Observation,Cachet architectural valorisant en ancien
5,Revêtements de Sols,Pièce concernée,Séjour / Chambre / Cuisine…,SEL,Liste de choix,Séjour;Cuisine;Chambre 1;Chambre 2;Chambre 3;SDB;WC;Couloir;Bureau;Autre,,,
5,Revêtements de Sols,Type de revêtement (par pièce),Parquet massif / Contrecollé / Flottant / Carrelage grès / Marbre / Béton ciré / Résine / LVT / Moquette / Lino / Stratifié,SEL,Liste de choix,Parquet massif;Parquet contrecollé;Parquet flottant;Carrelage grès cérame;Carrelage céramique;Marbre;Pierre naturelle;Béton ciré;Résine époxy;LVT vinyl;Moquette;Lino;Stratifié,,Observation,Parquet massif = valorisant
5,Revêtements de Sols,Essence du bois (si parquet),"Chêne, hêtre, pin, noyer, teck, wengé, bambou…",TEXT,Texte libre,,,Observation / certificat,
5,Revêtements de Sols,Largeur des lames (cm),<6 cm : classique / 6-10 cm : standard / >10 cm : larges lames (noble),NUM,Nombre / Mesure,,>10 cm = lames larges noble,Mesure directe,Larges lames = +5 à +10%
5,Revêtements de Sols,État du revêtement,Neuf / Bon état / Rayé (parquet à poncer) / Abîmé / À remplacer,STAR,Note 1-5,1 - À remplacer;2 - Abîmé;3 - Rayé;4 - Bon état;5 - Neuf,,Observation,
5,Revêtements de Sols,Craquements,Stable / Craquements ponctuels / Craquements généralisés / Plancher instable,SEL,Liste de choix,Stable;Craquements ponctuels;Craquements généralisés;Instable,,Test au pied,
5,Revêtements de Sols,Plancher chauffant intégré,Électrique / Hydraulique / Absent — vérifier compatibilité avec revêtement posé,SEL,Liste de choix,Électrique;Hydraulique;Absent,,Factures installation,Plancher chauffant = confort + valorisation
5,Revêtements de Sols,Planéité du sol,Plan / Dénivelés visibles (<5mm/2m acceptable) / Affaissements locaux,SEL,Liste de choix,Plan;Dénivelés <5mm acceptables;Dénivelés visibles;Affaissements locaux,<5mm/2m = acceptable,Règle de 2m / niveau laser,
6,Menuiseries et Fenêtres,Type de vitrage,"Simple / DV classique (4/12/4) / DV performant (4/16/4 argon) / Triple (Uw ≤0,8)",SEL,Liste de choix,Simple vitrage;DV classique 4/12/4;DV performant 4/16/4;DV avec gaz argon;Triple vitrage,DV performant = référence actuelle,Observation / notice,Fort impact DPE et confort acoustique
6,Menuiseries et Fenêtres,Valeur Uw menuiserie (W/m²K),"Coefficient thermique global de la fenêtre — plus c'est bas, mieux c'est",NUM,Nombre / Mesure,,"≤1,4 = bon ; ≤0,8 = excellent",Étiquette ou documentation,Impacte DPE directement
6,Menuiseries et Fenêtres,Matériau des menuiseries,Bois / PVC / Aluminium standard / Aluminium à RPT (Rupture de Pont Thermique) / Mixte bois-alu,SEL,Liste de choix,Bois;PVC;Aluminium standard;Aluminium RPT;Mixte bois-alu,,Observation,Alu RPT = meilleure isolation thermique
6,Menuiseries et Fenêtres,État des menuiseries,Neuf / Bon état / Joints défaillants / Déformés / Pourris (bois) / Décollements (PVC),STAR,Note 1-5,1 - Hors service;2 - Dégradé;3 - Joints HS;4 - Bon état;5 - Neuf,,Observation + test ouverture,
6,Menuiseries et Fenêtres,Étanchéité à l'air,Bonne / Courants d'air perceptibles / Mauvaise — test papier cigarette,SEL,Liste de choix,Bonne;Courants d'air légers;Mauvaise,,Test papier cigarette ou fumée,Mauvaise = déperditions thermiques + bruit
6,Menuiseries et Fenêtres,Volets / Persiennes,Absents / Bois / PVC / Aluminium / Roulants manuels / Roulants électriques (motorisés),SEL,Liste de choix,Absents;Bois;PVC;Aluminium;Roulants manuels;Roulants motorisés,,Observation,Roulants motorisés = confort + isolation
6,Menuiseries et Fenêtres,Surface vitrée par pièce (m²),Total baies vitrées par pièce — rapport surface vitrée/sol (>15% = bien éclairé),NUM,Nombre / Mesure,,>15% surface sol = bien éclairé,Mètre laser,
6,Menuiseries et Fenêtres,Certification ACOTHERM,Classe acoustique (Ac1 à Ac4) + classe thermique (Th+) — certification NF,TEXT,Texte libre,,,Étiquette ou documentation,
7,Portes et Accès,Porte d'entrée — Type,Standard / Blindée / Porte palière de sécurité (résistance à l'enfoncement),SEL,Liste de choix,Standard;Blindée;Palière de sécurité,,Observation,Blindée = argument sécurité + assurance
7,Portes et Accès,Porte d'entrée — Certification A2P,1 étoile (5 min) / 2 étoiles (10 min) / 3 étoiles (15 min) de résistance à l'effraction,SEL,Liste de choix,Non certifiée;A2P 1 étoile;A2P 2 étoiles;A2P 3 étoiles,,Étiquette sur serrure,Réduction prime assurance habitation
7,Portes et Accès,Points de fermeture,Monopoint / Multipoints 3 points / Multipoints 5 points,SEL,Liste de choix,Monopoint;3 points;5 points;Autre,3 points minimum recommandé,Observation,
7,Portes et Accès,Visiophone,Absent / Interphone audio / Visiophone écran / Connecté smartphone avec enregistrement,SEL,Liste de choix,Absent;Interphone audio;Visiophone écran;Connecté smartphone,,Observation,
7,Portes et Accès,Contrôle d'accès immeuble,Clé mécanique / Digicode / Badge électronique / Biométrie / Application mobile,SEL,Liste de choix,Clé mécanique;Digicode;Badge;Biométrie;Application mobile,,Observation,
7,Portes et Accès,Porte de garage,Manuelle / Motorisée télécommande / Sectionnelle / Basculante / Coulissante,SEL,Liste de choix,Manuelle;Motorisée;Sectionnelle;Basculante;Coulissante;Aucune,,Observation,
7,Portes et Accès,Portail,Manuel / Motorisé télécommande / Interphone intégré / Ouverture automatique,SEL,Liste de choix,Manuel;Motorisé;Interphone intégré;Ouverture automatique;Aucun,,Observation,
8,Installations Électriques,Tableau électrique — Âge (ans),En années depuis installation ou dernière mise à niveau,NUM,Nombre / Mesure,,<15 ans = récent,Observation,
8,Installations Électriques,Type de protection,Fusibles à cartouche (ancien) / Disjoncteurs différentiels 30mA (norme actuelle),SEL,Liste de choix,Fusibles à cartouche;Disjoncteurs différentiels;Mixte,Disjoncteurs = norme actuelle,Observation directe,
8,Installations Électriques,Intensité du tableau (A),Monophasé 30A / 60A ou triphasé 3×25A…,NUM,Nombre / Mesure,,>30A = usage confortable,Étiquette tableau,
8,Installations Électriques,Conformité NF C 15-100,"Norme électrique française — câblage, mises à la terre, disjoncteurs différentiels 30mA",SEL,Liste de choix,Conforme;Non conforme;Partiellement conforme,Obligatoire à la vente,Diagnostiqueur COPREC,Non conforme = travaux obligatoires
8,Installations Électriques,Mise à la terre,Présente partout / Partielle / Absente,SEL,Liste de choix,Présente partout;Partielle;Absente,Obligatoire partout,Diagnostic électrique,
8,Installations Électriques,Nombre de prises par pièce,"Avec terre (3 trous), type (standard, USB intégré, encastré, saillie)",NUM,Nombre / Mesure,,≥5 prises/pièce principale,Comptage terrain,
8,Installations Électriques,Prises RJ45 réseau,Présentes dans pièces principales — câblage Ethernet Cat5e ou Cat6,CHECK,Oui / Non,Oui;Non,,Observation,Fibre/Ethernet intégré = valorisant
8,Installations Électriques,Puissance souscrite (kVA),6 / 9 / 12 / 18 / 24 / 36 kVA,NUM,Nombre / Mesure,,9-12 kVA pour maison confortable,Facture EDF ou Linky,
8,Installations Électriques,Alarme intrusion,"Filaire (plus fiable) / Sans fil — marque (Ajax, Somfy…) — contrat télésurveillance actif",CHECK,Oui / Non,Oui avec télésurveillance;Oui sans télésurveillance;Non,,Observation + contrat,Réduction prime assurance
8,Installations Électriques,Compteur Linky,Présence et localisation — permet suivi conso en temps réel,CHECK,Oui / Non,Oui;Non (ancien),Obligatoire depuis 2018,Observation,
8,Installations Électriques,Domotique — Protocole,"KNX (filaire pro) / Zigbee / Z-Wave / Matter / Propriétaire (Legrand, Schneider, Somfy)",SEL,Liste de choix,Aucune;KNX;Zigbee;Z-Wave;Matter;Propriétaire Legrand;Propriétaire Somfy;Autre,,Observation + documentation,KNX = haut de gamme valorisant
9,Installations de Plomberie,Matériaux des canalisations,Cuivre (durable) / PER polyéthylène réticulé (flexible) / PVC / Galvanisé / Plomb (à remplacer !),SEL,Liste de choix,Cuivre;PER polyéthylène réticulé;PVC;Galvanisé;Plomb;Mixte,Plomb = danger sanitaire urgent,Observation ou expertise,Plomb = remplacement urgent coûteux
9,Installations de Plomberie,Âge des canalisations (ans),Estimation selon matériaux et époque de construction,NUM,Nombre / Mesure,,>30 ans = risque de fuite accru,Factures / estimation,
9,Installations de Plomberie,Pression de l'eau (bar),Mesure au robinet — pression dynamique (en cours d'utilisation) et statique,NUM,Nombre / Mesure,,2-4 bar = normale ; <1 bar = insuffisant,Manomètre de robinet,
9,Installations de Plomberie,Chauffe-eau — Type,Électrique / Gaz instantané / Gaz accumulation / Thermodynamique PAC-ECS / Solaire / Ballon collectif,SEL,Liste de choix,Électrique accumulation;Gaz instantané;Gaz accumulation;Thermodynamique PAC-ECS;Solaire thermique;Ballon collectif,,Observation,Thermodynamique = le plus économique
9,Installations de Plomberie,Chauffe-eau — Capacité (litres),50L (1 pers.) / 100L (2 pers.) / 150L (2-3 pers.) / 200-300L (4+ pers.),NUM,Nombre / Mesure,,150L pour 2-3 pers.,Étiquette chauffe-eau,
9,Installations de Plomberie,Chauffe-eau — Âge (ans),"Durée de vie : électrique 10-15 ans, gaz 15-20 ans",NUM,Nombre / Mesure,,<10 ans = bon ; >15 ans = à prévoir,Étiquette ou facture,
9,Installations de Plomberie,Adoucisseur d'eau,"Présence, marque, capacité, entretien, ajout de sel — zones eau dure (TH >25°F)",CHECK,Oui / Non,Oui;Non,Utile si TH eau >25°F,Observation,
9,Installations de Plomberie,État des évacuations,"PVC (récent) / Fonte (ancien) — étanchéité, absence de bouchons chroniques, pente suffisante",SEL,Liste de choix,Bon état;Bouchons chroniques;Fuites détectées;Vétustes,,Observation + test écoulement,
10,Chauffage,Type de chauffage,Collectif / Individuel central / Électrique direct / PAC air-eau / PAC géothermique / Poêle / Insert / Plancher chauffant,SEL,Liste de choix,Collectif central;Individuel central chaudière;Électrique direct;PAC air-eau;PAC géothermique;Poêle à bois;Insert cheminée;Plancher chauffant électrique;Plancher chauffant hydraulique,,Observation,Type détermine coût exploitation annuel
10,Chauffage,Énergie principale,Gaz naturel / Fioul / GPL / Électricité / Bois / Granulés / Géothermie / Solaire / Réseau chaleur,SEL,Liste de choix,Gaz naturel;Fioul;GPL;Électricité;Bois bûche;Granulés pellets;Géothermie;Solaire thermique;Réseau de chaleur urbain,,Factures,Gaz/RCU = moins coûteux ; Fioul = passoire thermique
10,Chauffage,Chaudière — Type,Standard (<80%) / Basse température (85%) / Condensation (>90%) / Micro-cogénération,SEL,Liste de choix,Standard;Basse température;Condensation;Micro-cogénération,Condensation = standard recommandé,Plaque constructeur,
10,Chauffage,Chaudière — Marque / Modèle,"Viessmann, Bosch, De Dietrich, Vaillant, Saunier Duval…",TEXT,Texte libre,,,Plaque constructeur,
10,Chauffage,Chaudière — Âge (ans),En années depuis installation — étiquette constructeur ou facture,NUM,Nombre / Mesure,,<10 ans = récent ; >20 ans = à remplacer,Plaque ou facture,
10,Chauffage,Chaudière — Rendement saisonnier (%),% rendement saisonnier — mesurable via rapport entretien annuel,NUM,Nombre / Mesure,,>90% = très performante,Rapport entretien annuel,
10,Chauffage,PAC — COP hiver,Ratio énergie produite / consommée en mode chauffage,NUM,Nombre / Mesure,,COP >3 = bon ; >4 = excellent,Documentation technique,
10,Chauffage,PAC — SCOP annuel,Coefficient saisonnier plus représentatif de la performance réelle annuelle,NUM,Nombre / Mesure,,SCOP >4 = excellent,Documentation technique,
10,Chauffage,Type d'émetteurs,Radiateurs fonte / Acier / Alu / Convecteurs / Plancher chauffant / Ventilo-convecteurs,SEL,Liste de choix,Radiateurs fonte;Radiateurs acier;Radiateurs aluminium;Convecteurs électriques;Plancher chauffant;Ventilo-convecteurs;Plafond rayonnant,,Observation,Plancher chauffant = confort maximal
10,Chauffage,Régulation du chauffage,"Simple thermostat / Programmable / Connecté (Nest, Ecobee, Netatmo) / Robinets thermostatiques",SEL,Liste de choix,Simple thermostat;Thermostat programmable;Thermostat connecté;Robinets thermostatiques;Régulation complète,,Observation,Connecté = 15-30% économies
10,Chauffage,Contrat entretien annuel à jour,Obligatoire légalement — dernier rapport d'entretien,CHECK,Oui / Non,Oui;Non,Obligatoire légalement,Contrat entretien,
11,Climatisation,Type de climatisation,Monobloc mobile / Split mural (mono) / Multi-split / Gainable centralisée / PAC réversible,SEL,Liste de choix,Aucune;Monobloc mobile;Mono-split mural;Multi-split;Gainable centralisée;PAC réversible air-air,,Observation,
11,Climatisation,Nombre d'unités intérieures,1 par pièce principale recommandé,NUM,Nombre / Mesure,,,Observation,
11,Climatisation,Puissance par unité (kW),Adaptée à la surface de la pièce traitée,NUM,Nombre / Mesure,,,Plaque constructeur,
11,Climatisation,Marque / Modèle,"Daikin, Mitsubishi, LG, Samsung, Hitachi, Panasonic…",TEXT,Texte libre,,,Plaque constructeur,
11,Climatisation,SEER (coefficient efficacité saisonnier),Ratio énergie froide produite / consommée sur la saison estivale,NUM,Nombre / Mesure,,SEER >6 = bon ; >8 = excellent,Documentation,
11,Climatisation,Âge (ans),<10 ans = bon état — fuites fréon possibles sur anciens équipements,NUM,Nombre / Mesure,,<10 ans = bon,Facture ou plaque,
11,Climatisation,Entretien filtres,Nettoyage recommandé tous les mois en période d'utilisation — contrat entretien,CHECK,Oui / Non,À jour;Non réalisé,Négligé = perte 20% efficacité,Observation + contrat,
12,Ventilation et Qualité de l'Air Intérieur,Type de ventilation,Naturelle / VMC SF autoréglable / VMC SF hygroréglable A / VMC SF hygroréglable B / VMC double flux,SEL,Liste de choix,Naturelle par ouvrants;VMC SF autoréglable;VMC SF hygroréglable A;VMC SF hygroréglable B;VMC double flux;VEP extraction ponctuelle,,Observation,VMC-DF = meilleur confort + économies chauffage
12,Ventilation et Qualité de l'Air Intérieur,Débit extraction (m³/h),Cuisine 45 m³/h / SDB 15 m³/h / WC 15 m³/h — selon réglementation,NUM,Nombre / Mesure,,Selon réglementation RT en vigueur,Mesure ou documentation,
12,Ventilation et Qualité de l'Air Intérieur,État du réseau et des bouches,Bouches propres / Obstruées / Réseau non visité,SEL,Liste de choix,Propres;Légèrement encrassées;Obstruées;Réseau non visité,Nettoyage annuel recommandé,Observation,
12,Ventilation et Qualité de l'Air Intérieur,Récupération de chaleur — Efficacité (%),Échangeur entre air entrant et sortant (VMC double flux uniquement),NUM,Nombre / Mesure,,>80% = excellent,Documentation technique,Économies chauffage jusqu'à 30%
12,Ventilation et Qualité de l'Air Intérieur,CO₂ ambiant (ppm),Indicateur de qualité du renouvellement d'air,NUM,Nombre / Mesure,,<800 ppm = bon ; >1200 ppm = mauvais,"Capteur CO2 (type Aranet, SCD30)",
12,Ventilation et Qualité de l'Air Intérieur,Humidité relative ambiante (%),% HR dans les pièces principales,NUM,Nombre / Mesure,,40-60% = idéal ; >70% = risque moisissures,Hygromètre électronique,
12,Ventilation et Qualité de l'Air Intérieur,COV intérieurs (µg/m³),"Composés Organiques Volatils — peintures, colles, meubles, produits ménagers",NUM,Nombre / Mesure,,<300 µg/m³ = acceptable,"Capteur VOC (Foobot, Netatmo)",
13,Isolation Thermique et Performance Énergétique,Isolation toiture — Type de matériau,Laine de verre / Laine de roche / Ouate de cellulose / Laine de bois / PSE / PIR / Sarking,SEL,Liste de choix,Laine de verre;Laine de roche;Ouate de cellulose;Laine de bois;PSE polystyrène;PIR polyuréthane;Sarking;Absent,,Visite combles,
13,Isolation Thermique et Performance Énergétique,Isolation toiture — Épaisseur (cm),>30 cm = bon niveau actuel (R≥7 m²K/W),NUM,Nombre / Mesure,,>30 cm = bon (R≥7),Mesure ou documentation,
13,Isolation Thermique et Performance Énergétique,Isolation toiture — État,Intact / Tassé (perte efficacité) / Rongeurs / Absent,SEL,Liste de choix,Intact;Tassé - perte efficacité;Endommagé rongeurs;Absent,Tassé = perte 20-40% efficacité,Visite combles,
13,Isolation Thermique et Performance Énergétique,Isolation murs — Type,Par l'intérieur (ITI) / Par l'extérieur (ITE) / Remplissage de doublage / Aucune,SEL,Liste de choix,ITI par l'intérieur;ITE par l'extérieur;Remplissage doublage;Aucune isolation,,Observation / documentation,ITE = traitement des ponts thermiques
13,Isolation Thermique et Performance Énergétique,Isolation murs — Épaisseur (cm),En cm de matériau isolant posé,NUM,Nombre / Mesure,,>10 cm = bon (R≥3 selon matériau),Documentation ou mesure,
13,Isolation Thermique et Performance Énergétique,Ponts thermiques,"Jonctions mur-plancher, mur-fenêtre — Présents / Traités / Absents",SEL,Liste de choix,Présents et non traités;Partiellement traités;Bien traités;Absents,Non traités = jusqu'à 20% des pertes,Thermographie ou documentation,
13,Isolation Thermique et Performance Énergétique,Isolation plancher bas,Présent sur vide-sanitaire ou cave / Absent — type et épaisseur,CHECK,Oui / Non,Oui;Non,Absent = 10-15% des pertes thermiques,Vide-sanitaire ou cave,
13,Isolation Thermique et Performance Énergétique,DPE — Étiquette énergie,Classe de A à G selon consommation primaire en kWh/m²/an,SEL,Liste de choix,A (≤70);B (71-110);C (111-180);D (181-250);E (251-330);F (331-420);G (>420),F/G = passoire thermique,DPE post-juillet 2021,F/G : gel loyers + décote -5 à -20%
13,Isolation Thermique et Performance Énergétique,DPE — Consommation (kWh/m²/an),Consommation primaire annuelle mesurée ou calculée,NUM,Nombre / Mesure,,<180 = C ou mieux,Rapport DPE,
13,Isolation Thermique et Performance Énergétique,DPE — Étiquette GES,Classe A à G — émissions de CO₂ en kg/m²/an,SEL,Liste de choix,A;B;C;D;E;F;G,,Rapport DPE,
13,Isolation Thermique et Performance Énergétique,Audit énergétique réalisé,Obligatoire pour F et G à la vente — scénarios de rénovation par étape avec estimatifs,CHECK,Oui / Non,Oui;Non;Non requis,Obligatoire si DPE F ou G,Rapport audit,Passage F→C = +10 à +20% de valeur
13,Isolation Thermique et Performance Énergétique,Étiquette DPE atteignable post-travaux,Potentiel de revalorisation après rénovation,SEL,Liste de choix,A;B;C;D;E,,Rapport audit énergétique,Opportunité de valorisation importante
14,Humidité et Pathologies,Taux d'humidité relative ambiante (%),Par pièce — mesure avec hygromètre électronique,NUM,Nombre / Mesure,,40-60% = idéal ; >70% = risque moisissures,Hygromètre électronique,
14,Humidité et Pathologies,Taux d'humidité dans les parois (%),"Mesure dans murs, planchers, cloisons par contact ou infra-rouge",NUM,Nombre / Mesure,,">20% = paroi humide, traitement nécessaire",Humidimètre à pointe ou scanner IR,
14,Humidité et Pathologies,Moisissures — Localisation,"Angles plafond/mur, derrière mobilier, dessous fenêtres, SDB, cave",TEXT,Texte libre,,,Observation + labo si doute,
14,Humidité et Pathologies,Moisissures — Étendue,Ponctuelles (<50 cm²) / Moyennes / Étendues (>1 m²),SEL,Liste de choix,Absence;Ponctuelles <50 cm²;Moyennes 50-200 cm²;Étendues >200 cm²;Généralisées,>50 cm² = traitement + recherche cause,Mesure surface affectée,Impact santé + décote commerciale
14,Humidité et Pathologies,Traces d'infiltration,"Auréoles sur plafonds, murs en pignon, autour des baies, sous la toiture",CHECK,Oui / Non,Oui actives;Oui anciennes traitées;Non,,Observation après pluie,
14,Humidité et Pathologies,Remontées capillaires,"Pied de mur humide, salpêtre, dégradation plâtre bas, odeur",CHECK,Oui / Non,Oui;Non;Suspicion,,Humidimètre + observation,Traitement par injection résine = 5 000-20 000€
14,Humidité et Pathologies,Condensation en toiture / combles,"Traces sur charpente, isolation mouillée dans les combles",CHECK,Oui / Non,Oui;Non,,Observation combles matin,
14,Humidité et Pathologies,Condensation sous-sol / cave,"Cave ou vide sanitaire humide — flaques, condensation sur murs",CHECK,Oui / Non,Oui;Non,,Observation cave,
14,Humidité et Pathologies,Odeurs caractéristiques,Odeur de moisissure (champignon) / Humidité / Renfermé persistant,SEL,Liste de choix,Aucune;Légère humidité;Moisissure forte;Renfermé persistant,Odeur forte = action corrective urgente,Olfactif sur site,Indicateur fiable de problème d'humidité
15,Cuisine,Surface cuisine (m²),Mesurée — intégrée au séjour si ouverte ou surface indépendante si fermée,NUM,Nombre / Mesure,,,Mètre laser,
15,Cuisine,Configuration,Ouverte sur séjour / Semi-ouverte passe-plat / Fermée indépendante,SEL,Liste de choix,Ouverte sur séjour;Semi-ouverte passe-plat;Fermée indépendante,,Observation,
15,Cuisine,Cuisine équipée,Liste des appareils inclus dans la vente,CHECK,Oui / Non,Oui entièrement;Oui partiellement;Non,,Contrat de vente,
15,Cuisine,Plan de travail — Matériau,Stratifié (basique) / Granit naturel / Quartz composite / Bois / Inox,SEL,Liste de choix,Stratifié;Granit naturel;Quartz composite;Bois;Inox;Céramique;Béton ciré,,Observation,
15,Cuisine,Plaque de cuisson,Gaz (nb feux) / Induction / Vitrocéramique / Gaz sous vitrocéramique,SEL,Liste de choix,Gaz;Induction;Vitrocéramique;Gaz sous vitrocéramique;Aucune,,Observation,
15,Cuisine,Hotte,Aspirante évacuation extérieure (recommandée) / Filtrante recirculation / Centrale îlot,SEL,Liste de choix,Aspirante évacuation extérieure;Filtrante recirculation;Centrale îlot;Intégrée plan de travail;Aucune,Aspirante ext. = efficacité maximale,Observation,
15,Cuisine,Four,"Intégré / Pose libre / Combiné micro-ondes — marque, état, pyrolyse ou non",SEL,Liste de choix,Intégré;Pose libre;Combiné micro-ondes;Absent,,Observation,
15,Cuisine,Lave-vaisselle,"Intégré / Pose libre / Semi-intégré — marque, état, classe énergie",SEL,Liste de choix,Intégré;Semi-intégré;Pose libre;Absent,,Observation,
15,Cuisine,État général cuisine,Neuf / Bon état / Daté / À refaire entièrement,STAR,Note 1-5,1 - À refaire;2 - Daté;3 - Correct;4 - Bon état;5 - Neuf ou rénové récent,,Observation,
16,Salles de Bain et WC,Nombre de salles de bain,SDB complète (baignoire + douche + vasque) vs salle d'eau (douche + vasque),NUM,Nombre / Mesure,,,Visite terrain,
16,Salles de Bain et WC,Surface SDB (m²),<4m² = petite / 4-8m² = standard / >8m² = grande,NUM,Nombre / Mesure,,,Mètre laser,
16,Salles de Bain et WC,Baignoire,Encastrée (standard) / Îlot (haut de gamme) / Balnéo — matière — état,SEL,Liste de choix,Encastrée acrylique;Encastrée fonte;Îlot design;Balnéothérapie;Absente,,Observation,
16,Salles de Bain et WC,Douche,Italienne affleurante / Sans receveur / Cabine préfabriquée — dimensions et état des joints,SEL,Liste de choix,Italienne sans receveur;Italienne receveur affleurant;Cabine préfabriquée;Bac standard;Absente,,Observation,
16,Salles de Bain et WC,Vasque,"Simple / Double — matière (céramique, verre, béton) — état",SEL,Liste de choix,Simple céramique;Simple verre;Simple béton;Double vasque;À poser design;Absente,Double vasque = valorisant,Observation,
16,Salles de Bain et WC,WC suspendus,Suspendu (carénage mural) / À poser — nombre WC indépendants,CHECK,Oui / Non,Oui suspendu;Non à poser,,Observation,
16,Salles de Bain et WC,Carrelage SDB — État,Joints propres / Fissures / Décollements / Carreaux cassés,STAR,Note 1-5,1 - À refaire;2 - Joints HS;3 - Correct;4 - Bon état;5 - Neuf,,Observation,
16,Salles de Bain et WC,Ventilation SDB,VMC avec débit suffisant / Fenêtre (insuffisant seul) / Absence totale,SEL,Liste de choix,VMC débit suffisant;VMC insuffisant;Fenêtre uniquement;Aucune,Aucune = risque moisissures élevé,Observation,
16,Salles de Bain et WC,Robinetterie SDB,"Marque (Grohe, Hansgrohe…) / Thermostatique / Standard — état et fuites",SEL,Liste de choix,Thermostatique haut de gamme;Thermostatique standard;Mitigeur standard;Ancien mélangeur;Fuites détectées,,Observation,
16,Salles de Bain et WC,Radiateur sèche-serviettes,"Électrique / Hydraulique (sur circuit chauffage) — marque, état, puissance W",SEL,Liste de choix,Électrique;Hydraulique;Absent,,Observation,
17,Parties Communes (Copropriété),Hall d'entrée — État,"Neuf / Correct / Dégradé — sécurisé (digicode, visiophone) ou non — luminosité",STAR,Note 1-5,1 - Très dégradé;2 - Dégradé;3 - Correct;4 - Bon état;5 - Neuf ou réhabilité,,Visite terrain,Indicateur de l'entretien général de la copropriété
17,Parties Communes (Copropriété),Cage d'escalier — État,"Matériaux, état peintures et revêtements sols, éclairage (minuterie, détecteur)",STAR,Note 1-5,1 - Très dégradé;2 - Dégradé;3 - Correct;4 - Bon état;5 - Rénové,,Visite terrain,
17,Parties Communes (Copropriété),Ascenseur — Âge (ans),"Marque, dernier contrôle technique réglementaire obligatoire, état cabine",NUM,Nombre / Mesure,,Dernier contrôle = obligatoire annuellement,Carnet entretien syndic,
17,Parties Communes (Copropriété),Carnet d'entretien à jour,Obligatoire légalement — historique des travaux réalisés depuis 10 ans,CHECK,Oui / Non,Oui à jour;Oui incomplet;Non tenu,,Demander au syndic,
17,Parties Communes (Copropriété),Charges courantes (€/mois),"Détail par postes : entretien, assurance, gardien, eau commune, électricité…",NUM,Nombre / Mesure,,,Appels de fonds,Fort impact coût total de possession
17,Parties Communes (Copropriété),Fonds de travaux ALUR (€),Montant de l'épargne collective pour travaux futurs — % des charges courantes,NUM,Nombre / Mesure,,≥5% des charges annuelles,État financier syndic,Fond faible = risque appel charges exceptionnel
17,Parties Communes (Copropriété),Travaux votés à venir,"Ravalement, toiture, ascenseur, canalisations communes — montant et calendrier",TEXT,Texte libre,,,PV AG + DTG,Travaux votés = appel charges exceptionnel à venir
17,Parties Communes (Copropriété),Taux d'impayés copropriétaires (%),% de copropriétaires en impayés — indicateur santé financière de la copropriété,NUM,Nombre / Mesure,,>15% = copropriété en difficulté,État financier syndic,Copropriété fragile = difficultés de revente
18,Diagnostics Immobiliers Obligatoires,DPE — Étiquette énergie,Classe A à G — version post-juillet 2021 obligatoire (opposable),SEL,Liste de choix,A;B;C;D;E;F;G,Validité 10 ans (post 2021),Diagnostiqueur certifié,Fort impact valeur et liquidité
18,Diagnostics Immobiliers Obligatoires,Diagnostic amiante (DAPP),Présence / Absence — avant 1/07/1997,SEL,Liste de choix,Absent certifié;Présent encapsulé;Présent à traiter;Non réalisé,Validité illimitée si absence,Diagnostiqueur certifié,
18,Diagnostics Immobiliers Obligatoires,CREP — Plomb,Présent / Absent — avant 1949,SEL,Liste de choix,Négatif;Positif bon état;Positif dégradé (risque),1 an si positif / illimité si négatif,Diagnostiqueur certifié,
18,Diagnostics Immobiliers Obligatoires,Diagnostic termites,Zone à arrêté préfectoral — présence ou absence,CHECK,Oui / Non,Absent;Présent;Non requis (hors zone),Validité 6 mois,Diagnostiqueur certifié,
18,Diagnostics Immobiliers Obligatoires,Diagnostic gaz,Installation gaz intérieure >15 ans — état sécuritaire,SEL,Liste de choix,Conforme;Non conforme;Non requis,Validité 3 ans,Diagnostiqueur certifié,
18,Diagnostics Immobiliers Obligatoires,Diagnostic électricité,Installation électrique >15 ans — conformité NF C 15-100,SEL,Liste de choix,Conforme;Non conforme partiel;Non conforme;Non requis,Validité 3 ans,Diagnostiqueur certifié COPREC,
18,Diagnostics Immobiliers Obligatoires,Diagnostic assainissement,Non raccordé au tout-à-l'égout — état fosse septique,SEL,Liste de choix,Conforme;Non conforme;Non requis,Validité 3 ans,Service public assainissement,
18,Diagnostics Immobiliers Obligatoires,ERP (État Risques et Pollutions),"Risques naturels, technologiques, pollution sols, radon, minage",CHECK,Oui / Non,Fourni;Non fourni,Validité 6 mois,Géorisques.gouv.fr,
18,Diagnostics Immobiliers Obligatoires,Audit énergétique,Obligatoire maisons DPE F ou G à la vente — scénarios travaux par étape,CHECK,Oui / Non,Réalisé;Non réalisé;Non requis,Validité 5 ans,Auditeur certifié RGE,Obligatoire si F ou G — coût 600-1500€
18,Diagnostics Immobiliers Obligatoires,Mesurage loi Carrez (m²),Surface privative exacte — garantit l'acheteur,NUM,Nombre / Mesure,,Permanent sauf travaux modifiant surface,Diagnostiqueur certifié,
18,Diagnostics Immobiliers Obligatoires,Diagnostic mérule,Zone à arrêté préfectoral — présence ou absence du champignon,CHECK,Oui / Non,Absent;Présent;Non requis,Validité 6 mois,Expert bois certifié,
18,Diagnostics Immobiliers Obligatoires,Diagnostic bruit PEB,Zone PEB (aéroport) — zone A B C ou D,SEL,Liste de choix,Zone A;Zone B;Zone C;Zone D;Non requis,Validité 6 mois,DGAC / Géoportail,Zone A/B = décote -5 à -20%
19,Équipements Technologiques et Durables,Fibre optique,Éligible FTTH / Raccordée immeuble / Présente dans logement (prise RJ45 fibre),SEL,Liste de choix,Présente dans logement;Raccordée immeuble;Éligible non raccordée;Non éligible,Présente = incontournable 2025,Test éligibilité opérateur,Non disponible = critère rédhibitoire
19,Équipements Technologiques et Durables,Débit internet mesuré (Mbit/s),Mesuré en download et upload (speedtest.net) — technologie réelle,NUM,Nombre / Mesure,,>500 Mbit/s = excellent ; <50 = insuffisant,speedtest.net,
19,Équipements Technologiques et Durables,Domotique — Protocole et étendue,KNX (filaire pro) / Zigbee / Z-Wave / Matter / Propriétaire — niveau d'intégration,SEL,Liste de choix,Aucune;KNX professionnel;Zigbee;Z-Wave;Matter;Somfy TaHoma;Legrand;Autre propriétaire,,Observation + documentation,KNX complet = valorisation +2 à +5%
19,Équipements Technologiques et Durables,Panneaux solaires PV — Puissance (kWc),Puissance installée en kWc + orientation + inclinaison,NUM,Nombre / Mesure,,3 kWc = foyer de 4 pers. typ.,Facture installation,Argument énergie + revenus rachat EDF OA
19,Équipements Technologiques et Durables,Production PV annuelle (kWh/an),Mesurée sur le dernier exercice complet,NUM,Nombre / Mesure,,,Compteur de production,
19,Équipements Technologiques et Durables,Contrat rachat EDF OA (Obligation d'Achat),Tarif de rachat (€/kWh) et durée restante du contrat,TEXT,Texte libre,,,Contrat EDF OA,Revenus garantis à transmettre à l'acheteur
19,Équipements Technologiques et Durables,Batterie de stockage énergie (kWh),"Capacité en kWh — marque (Tesla Powerwall, SolarEdge, Enphase)",NUM,Nombre / Mesure,,,Facture installation,Autoconsommation optimisée
19,Équipements Technologiques et Durables,Borne de recharge VE (kW),"Puissance : 3,7 kW / 7,4 kW standard / 22 kW triphasé — type T2",SEL,Liste de choix,"3,7 kW Mode 2;7,4 kW Mode 3 T2;22 kW triphasé;Absent","7,4 kW = standard recommandé",Observation,Argument fort pour propriétaires VE
19,Équipements Technologiques et Durables,Panneaux solaires thermiques (m²),m² de capteurs installés — production ECS annuelle (kWh),NUM,Nombre / Mesure,,,Facture installation,Réduit facture eau chaude 50-70%
19,Équipements Technologiques et Durables,Récupération eau de pluie,"Cuve (litres), usage (arrosage, WC), filtre et pompe",CHECK,Oui / Non,Oui;Non,,Observation,Tendance écologique valorisante
19,Équipements Technologiques et Durables,Puits canadien / géothermique,Échangeur de chaleur en sous-sol — préconditionne l'air entrant dans la VMC-DF,CHECK,Oui / Non,Oui;Non,,Documentation technique,Rare et très valorisant
19,Équipements Technologiques et Durables,Alarme intrusion,Filaire (plus fiable) / Sans fil — marque — contrat télésurveillance actif,CHECK,Oui / Non,Oui avec télésurveillance;Oui sans télésurveillance;Non,,Observation + contrat,Réduction prime assurance habitation